{
  "iter_1": {
    "raw_ece": 0.11350540635564314,
    "gmm_ece": 0.22566785707823614,
    "iso_ece": 1.1205172904546583e-17,
    "n_samples": 16393
  },
  "iter_3": {
    "raw_ece": 0.13253163405877694,
    "gmm_ece": 0.22200789549993355,
    "iso_ece": 1.427924497315785e-17,
    "n_samples": 15383
  }
}