{
  "0.3": {
    "0.2": {
      "precision": 0.008620689655172414,
      "count": 696
    },
    "0.3": {
      "precision": 0.008633093525179856,
      "count": 695
    },
    "0.5": {
      "precision": 0.009287925696594427,
      "count": 646
    },
    "0.7": {
      "precision": 0.011627906976744186,
      "count": 516
    }
  },
  "0.4": {
    "0.2": {
      "precision": 0.007575757575757576,
      "count": 528
    },
    "0.3": {
      "precision": 0.007662835249042145,
      "count": 522
    },
    "0.5": {
      "precision": 0.008146639511201629,
      "count": 491
    },
    "0.7": {
      "precision": 0.010582010582010581,
      "count": 378
    }
  },
  "0.5": {
    "0.2": {
      "precision": 0.006726457399103139,
      "count": 446
    },
    "0.3": {
      "precision": 0.006756756756756757,
      "count": 444
    },
    "0.5": {
      "precision": 0.007537688442211055,
      "count": 398
    },
    "0.7": {
      "precision": 0.00980392156862745,
      "count": 306
    }
  },
  "0.6": {
    "0.2": {
      "precision": 0.005115089514066497,
      "count": 391
    },
    "0.3": {
      "precision": 0.005141388174807198,
      "count": 389
    },
    "0.5": {
      "precision": 0.005681818181818182,
      "count": 352
    },
    "0.7": {
      "precision": 0.00823045267489712,
      "count": 243
    }
  },
  "0.7": {
    "0.2": {
      "precision": 0.0043859649122807015,
      "count": 228
    },
    "0.3": {
      "precision": 0.0043859649122807015,
      "count": 228
    },
    "0.5": {
      "precision": 0.004484304932735426,
      "count": 223
    },
    "0.7": {
      "precision": 0.0058823529411764705,
      "count": 170
    }
  },
  "0.8": {
    "0.2": {
      "precision": 0.0,
      "count": 81
    },
    "0.3": {
      "precision": 0.0,
      "count": 81
    },
    "0.5": {
      "precision": 0.0,
      "count": 81
    },
    "0.7": {
      "precision": 0.0,
      "count": 81
    }
  }
}