{
    "0.5": {
        "0.5": {
            "precision": 0.9231785891293574,
            "recall": 0.796805931840867,
            "count": 6053
        },
        "0.6": {
            "precision": 0.9242098295548569,
            "recall": 0.7963781548552687,
            "count": 6043
        },
        "0.7": {
            "precision": 0.9242098295548569,
            "recall": 0.7963781548552687,
            "count": 6043
        }
    },
    "0.6": {
        "0.5": {
            "precision": 0.9483043079743355,
            "recall": 0.7376301154997861,
            "count": 5455
        },
        "0.6": {
            "precision": 0.9489814644888971,
            "recall": 0.7373449308427207,
            "count": 5449
        },
        "0.7": {
            "precision": 0.9489814644888971,
            "recall": 0.7373449308427207,
            "count": 5449
        }
    },
    "0.7": {
        "0.5": {
            "precision": 0.9702602230483272,
            "recall": 0.6326821616997006,
            "count": 4573
        },
        "0.6": {
            "precision": 0.9702537182852143,
            "recall": 0.6325395693711678,
            "count": 4572
        },
        "0.7": {
            "precision": 0.9702602230483272,
            "recall": 0.6326821616997006,
            "count": 4573
        }
    }
}