{
    "iter_1": {
        "tp": 19873,
        "fp": 147627,
        "fn": 0,
        "precision": 0.11864477611940298,
        "recall": 1.0,
        "total_pl": 167500,
        "total_gt": 19873
    },
    "iter_2": {
        "tp": 19873,
        "fp": 296058,
        "fn": 0,
        "precision": 0.06290297564974631,
        "recall": 1.0,
        "total_pl": 315931,
        "total_gt": 19873
    }
}