{
  "raw_ece": 0.13773126200956146,
  "gmm_ece": 0.006623137313758853,
  "isotonic_ece": 7.327471962526033e-19,
  "gmm_improvement": 0.1311081246958026,
  "iso_improvement": 0.13773126200956146,
  "iso_vs_gmm_gap": 0.0066231373137588525
}