{
    "Fixed Threshold (tau=0.5)": {
        "ap_mean": 87.27519002141834,
        "ap_std": 0.13592895601261112,
        "prec_mean": 0.6101752121053533,
        "prec_std": 0.005635321656162819,
        "recall_mean": 0.8753837958047983,
        "recall_std": 0.008363754800411889,
        "pcount_mean": 14194.333333333334,
        "pcount_std": 103.82784897233604
    },
    "Temp Scaling": {
        "ap_mean": 87.88744191982858,
        "ap_std": 0.07582556655941096,
        "prec_mean": 0.7324347749115159,
        "prec_std": 0.00914416028242764,
        "recall_mean": 0.8364824932638636,
        "recall_std": 0.005381181353514506,
        "pcount_mean": 12108.333333333334,
        "pcount_std": 116.20766851728084
    },
    "CalibPL Full (cls+loc+CGJS)": {
        "ap_mean": 88.48195152426506,
        "ap_std": 0.11061079566252147,
        "prec_mean": 0.8402486514644986,
        "prec_std": 0.0062661604213502435,
        "recall_mean": 0.7973079404604482,
        "recall_std": 0.007417063533030101,
        "pcount_mean": 10493.666666666666,
        "pcount_std": 179.22487426569884
    },
    "CalibPL (cls only)": {
        "ap_mean": 87.57411605131365,
        "ap_std": 0.0840187067438769,
        "prec_mean": 0.6950901550519424,
        "prec_std": 0.009119902415535537,
        "recall_mean": 0.8647509541018383,
        "recall_std": 0.008660837353474279,
        "pcount_mean": 13127.333333333334,
        "pcount_std": 257.93323856291875
    },
    "CalibPL (loc only)": {
        "ap_mean": 87.7385360869507,
        "ap_std": 0.014886375720596015,
        "prec_mean": 0.7313253824212881,
        "prec_std": 0.012730723076734944,
        "recall_mean": 0.8464784656582495,
        "recall_std": 0.005750188372562829,
        "pcount_mean": 12745.333333333334,
        "pcount_std": 24.997777679003566
    },
    "CalibPL (cls+loc)": {
        "ap_mean": 88.05880561964523,
        "ap_std": 0.10212280837123133,
        "prec_mean": 0.7835906932200855,
        "prec_std": 0.006180548856707392,
        "recall_mean": 0.8170680343940854,
        "recall_std": 0.004389637806977995,
        "pcount_mean": 11555.0,
        "pcount_std": 286.16894776803906
    },
    "CGJS only": {
        "ap_mean": 88.0373794306851,
        "ap_std": 0.10629432107085877,
        "prec_mean": 0.7510805227965992,
        "prec_std": 0.007302644680839922,
        "recall_mean": 0.8354273519216342,
        "recall_std": 0.008812978792108855,
        "pcount_mean": 11850.666666666666,
        "pcount_std": 74.85244744755438
    }
}